attendance_pct,internal1_marks,internal2_marks,assignment_avg,cgpa,study_hours,backlogs,performance_score,performance_label,attendance_risk,placement_score
62.5,13.7,15.2,8.4,7.43,3.8,0,59.5,average,1,64.0
97.0,20.8,14.9,9.0,8.83,4.3,0,76.9,good,0,79.7
83.9,27.5,28.1,6.3,8.56,7.0,2,83.8,excellent,0,85.7
75.9,24.6,15.0,8.1,4.92,3.4,4,53.1,average,0,55.4
49.4,26.1,15.4,7.9,4.9,7.1,4,52.1,average,1,57.6
49.4,23.2,25.2,9.2,5.61,1.6,2,55.4,average,1,54.5
43.5,23.8,19.0,9.5,6.17,6.4,3,56.4,average,1,61.6
92.0,27.0,25.5,5.1,6.45,6.9,0,81.6,excellent,0,79.6
76.1,15.0,11.3,8.4,8.08,2.3,0,61.5,good,0,65.6
82.5,19.8,19.8,5.3,4.34,4.0,2,57.7,average,0,57.6
41.2,14.4,10.7,7.7,4.21,2.2,2,36.3,poor,1,40.6
98.2,29.8,11.3,6.4,6.35,5.9,3,69.0,good,0,71.8
89.9,28.9,28.1,6.5,8.18,4.7,4,78.1,good,0,79.5
52.7,10.8,12.8,6.8,5.16,5.4,1,47.2,average,1,53.2
50.9,24.1,20.6,8.1,7.85,2.4,4,57.4,average,1,62.0
51.0,28.5,18.2,6.7,5.56,2.5,0,59.8,average,1,57.7
58.3,13.6,16.9,8.7,9.32,1.3,2,58.0,average,1,64.5
71.5,21.4,28.0,7.0,9.37,3.3,3,72.9,good,1,76.4
65.9,28.3,10.4,5.3,5.78,4.9,4,54.5,average,1,59.4
57.5,10.7,23.3,8.9,5.38,7.0,3,53.1,average,1,59.5
76.7,23.9,29.3,6.4,6.47,5.7,4,68.7,good,0,70.6
48.4,15.9,21.2,7.2,5.44,4.0,0,55.1,average,1,56.3
57.5,28.5,28.7,8.4,8.03,7.7,1,79.5,good,1,81.1
62.0,29.4,11.0,6.7,8.96,6.0,3,67.4,good,1,75.0
67.4,28.9,18.4,5.3,8.04,7.5,3,71.9,good,1,77.5
87.1,19.5,15.2,6.9,8.95,4.7,1,72.7,good,0,77.6
52.0,27.2,24.6,9.7,6.38,2.8,3,59.9,average,1,60.4
70.9,26.9,29.6,8.2,4.94,1.4,3,61.3,good,1,57.4
75.5,16.4,15.1,8.4,8.43,6.1,4,62.2,good,0,71.8
42.8,26.6,23.1,8.2,6.16,1.8,4,52.4,average,1,54.1
76.5,10.7,14.0,6.0,8.03,3.1,1,59.5,average,0,65.5
50.2,21.9,21.3,7.1,5.62,4.7,0,60.5,good,1,60.7
43.9,14.6,19.3,8.8,4.49,5.0,3,44.5,average,1,49.4
96.9,12.4,29.4,5.5,9.96,5.2,0,85.0,excellent,0,87.9
97.9,11.5,22.2,6.4,4.94,2.2,1,59.7,average,0,58.7
88.5,23.9,17.0,6.4,9.93,3.7,1,78.4,good,0,82.0
58.3,16.8,12.3,7.2,9.86,5.3,4,59.8,average,1,71.7
45.9,24.5,13.0,9.9,8.76,7.8,3,63.4,good,1,73.3
81.1,11.3,14.5,5.3,7.96,6.1,2,62.8,good,0,71.1
66.4,16.3,15.0,7.6,7.47,7.5,1,64.6,good,1,71.7
47.3,20.8,27.0,5.9,9.2,6.3,3,69.2,good,1,76.0
69.7,25.8,21.2,9.9,5.74,5.1,0,68.4,good,1,67.1
42.1,16.4,20.5,5.6,6.81,2.3,4,47.4,average,1,53.3
94.6,22.5,12.3,7.0,7.72,5.7,0,74.2,good,0,77.1
55.5,27.7,27.2,8.7,6.47,5.4,1,70.1,good,1,69.4
79.8,22.3,24.5,8.5,6.56,5.2,1,71.4,good,0,71.6
58.7,14.7,11.4,7.1,5.98,4.4,0,53.3,average,1,57.6
71.2,10.5,24.2,6.7,7.39,4.7,1,64.1,good,1,68.2
72.8,27.4,20.9,7.0,9.1,3.3,3,71.8,good,1,75.2
51.1,10.4,11.6,6.3,5.21,4.6,1,45.0,average,1,51.0
98.2,27.5,19.2,6.0,9.61,2.4,4,75.6,good,0,79.1
86.5,20.6,19.7,7.4,8.13,6.6,3,71.8,good,0,77.6
96.4,28.8,13.3,6.3,8.94,2.3,2,74.4,good,0,76.4
93.7,26.0,28.9,6.4,7.34,1.6,1,77.5,good,0,73.4
75.9,30.0,27.0,8.3,8.68,4.1,1,81.4,excellent,0,80.6
95.3,17.0,23.4,9.8,4.1,5.6,4,58.7,average,0,60.4
45.3,25.3,19.2,8.0,8.91,4.1,4,61.1,good,1,68.2
51.8,18.0,18.2,5.4,4.24,2.9,0,50.4,average,1,49.8
42.7,19.6,23.0,5.4,9.34,4.9,0,69.7,good,1,74.3
59.5,22.6,20.9,9.8,9.95,3.4,0,74.4,good,1,77.6
63.3,27.5,11.2,6.5,5.76,7.5,4,57.1,average,1,63.7
56.3,29.7,20.3,5.5,5.26,7.5,0,68.4,good,1,68.0
89.7,25.4,26.1,8.0,8.59,4.5,0,83.9,excellent,0,82.9
61.4,18.4,19.2,8.1,5.52,3.3,2,54.0,average,1,56.1
56.9,18.4,11.0,8.2,9.19,6.2,0,66.7,good,1,74.6
72.6,24.8,25.7,6.3,4.62,1.3,1,61.1,good,1,56.3
48.5,14.8,14.0,5.1,4.76,4.3,4,40.6,average,1,47.4
88.1,12.2,15.2,9.8,9.87,3.4,3,65.9,good,0,74.6
44.5,17.1,13.3,6.3,8.04,7.4,2,58.2,average,1,68.1
99.2,15.7,16.6,8.4,9.08,1.1,4,64.3,good,0,70.0
86.3,15.9,25.1,8.5,5.95,4.9,4,61.5,good,0,64.9
51.9,14.7,20.4,8.1,8.06,6.2,1,63.4,good,1,69.9
40.3,10.8,14.1,6.6,7.57,4.4,0,52.8,average,1,59.9
88.9,10.4,27.6,6.4,7.62,1.6,1,67.3,good,0,67.9
82.4,29.8,27.6,8.0,8.1,7.8,0,88.1,excellent,0,87.6
83.7,18.6,27.4,9.3,7.45,4.6,0,75.9,good,0,75.5
86.3,17.7,14.8,9.7,6.57,5.3,4,58.9,average,0,65.3
44.4,23.6,19.0,5.5,5.66,2.7,0,56.3,average,1,55.8
61.5,14.4,29.7,5.8,8.61,4.4,2,68.4,good,1,72.7
47.0,29.0,25.4,9.7,5.36,4.0,2,60.6,good,1,59.5
91.8,25.7,10.5,8.7,8.15,1.5,2,66.4,good,0,68.8
77.4,11.8,11.3,9.4,5.4,1.7,4,43.2,average,0,49.0
59.9,18.4,19.3,6.0,7.75,6.9,1,66.8,good,1,72.5
43.8,27.6,28.2,7.9,8.48,2.7,3,66.3,good,1,68.3
58.7,28.9,20.8,8.5,5.31,2.4,0,62.6,good,1,59.0
59.5,19.3,20.0,8.4,4.36,4.5,3,50.5,average,1,52.9
83.8,22.3,12.1,7.0,4.79,6.4,1,61.4,good,0,63.4
78.3,13.3,23.1,5.1,7.64,1.4,1,63.5,good,0,65.0
93.2,29.8,26.4,7.9,9.1,5.0,4,81.6,excellent,0,84.1
68.3,14.6,17.6,6.3,4.27,1.8,2,46.9,average,1,47.8
47.2,28.9,25.5,7.3,8.4,1.3,2,66.4,good,1,66.6
82.8,23.0,29.3,9.8,6.05,1.4,1,69.1,good,0,64.8
85.6,22.2,14.1,7.0,6.87,6.8,4,63.7,good,0,70.5
73.7,20.3,20.5,9.2,9.57,1.8,4,65.2,good,1,71.0
86.3,14.6,15.7,5.9,5.99,1.3,0,58.8,average,0,58.8
69.6,13.5,25.9,8.4,6.79,4.1,2,61.9,good,1,64.9
71.4,14.4,21.6,9.9,4.08,6.9,1,57.7,average,1,59.5
65.7,13.7,22.7,5.5,4.49,2.8,3,48.6,average,1,50.5
41.5,25.6,26.0,5.0,5.55,4.0,2,58.1,average,1,58.2
46.5,17.0,17.9,7.2,4.17,1.3,0,46.1,average,1,45.1
41.9,11.2,28.3,5.5,7.79,4.1,4,54.0,average,1,61.4
78.2,29.4,20.7,8.7,6.56,5.0,1,72.7,good,0,72.0
58.9,27.7,13.2,9.6,7.29,5.0,2,62.7,good,1,66.9
70.5,28.6,23.9,7.2,5.05,3.3,3,61.5,good,1,60.0
94.5,29.9,25.9,6.3,5.78,3.2,0,77.5,good,0,71.6
55.0,13.5,16.3,7.2,7.98,1.7,0,57.2,average,1,61.0
64.6,17.9,27.1,8.6,9.79,3.6,2,72.3,good,1,76.8
85.3,25.2,28.1,5.0,4.3,1.7,3,61.4,good,0,57.2
53.7,23.9,15.5,7.9,9.34,6.4,0,72.4,good,1,78.2
44.6,13.1,29.7,8.1,7.46,7.8,1,66.2,good,1,71.7
57.4,26.3,12.8,8.2,7.38,7.8,0,69.0,good,1,73.7
49.7,14.5,14.0,6.2,7.0,7.1,3,52.9,average,1,62.8
95.8,14.5,13.7,8.6,4.42,5.2,4,52.2,average,0,57.0
88.5,20.7,27.9,5.5,4.54,5.9,4,63.5,good,0,64.1
78.0,21.9,23.1,6.0,7.61,3.0,2,68.3,good,0,69.7
92.3,21.6,13.0,9.4,6.05,5.4,3,62.2,good,0,66.3
88.2,11.8,18.8,8.7,9.5,4.2,0,73.6,good,0,78.7
51.2,27.5,22.3,5.1,6.44,4.4,0,66.7,good,1,65.8
93.6,15.3,11.7,6.2,4.86,6.3,4,53.6,average,0,60.0
72.4,12.6,27.6,6.1,8.29,3.0,4,62.2,good,1,67.7
88.4,27.8,26.1,6.4,5.76,3.2,1,72.8,good,0,68.7
93.8,29.1,20.1,6.2,7.15,7.5,4,75.0,good,0,78.8
59.1,27.2,29.3,5.3,8.19,1.4,1,72.1,good,1,70.0
46.6,26.2,18.4,7.3,9.4,4.4,0,71.4,good,1,75.0
53.7,23.1,29.7,8.7,8.75,7.4,1,77.7,good,1,81.2
65.6,21.0,23.4,8.0,8.06,5.3,1,71.1,good,1,74.1
89.1,11.7,22.7,8.4,8.08,4.8,2,68.6,good,0,73.6
91.6,18.2,13.3,5.4,9.68,2.7,4,65.7,good,0,73.6
40.4,17.5,27.6,9.8,5.77,3.4,1,56.0,average,1,56.6
70.6,15.2,18.5,9.2,4.01,7.0,0,58.1,average,1,59.5
65.0,24.5,13.2,9.0,5.63,4.9,3,55.3,average,1,59.3
53.3,19.9,10.3,9.1,5.31,4.6,1,50.6,average,1,54.6
47.2,11.6,21.2,9.7,7.97,1.7,4,49.0,average,1,56.4
60.3,14.4,20.5,7.7,7.8,1.1,2,56.2,average,1,60.0
96.6,23.7,24.4,6.0,7.56,7.7,0,84.5,excellent,0,85.0
59.4,11.5,27.8,8.1,4.1,3.6,2,50.6,average,1,51.1
71.1,27.0,11.6,8.7,8.37,5.2,3,65.9,good,1,72.3
82.2,19.9,24.6,8.7,5.94,1.6,1,64.3,good,0,62.0
61.8,19.6,13.7,7.6,7.99,5.8,1,64.1,good,1,70.3
98.3,21.8,27.2,5.3,7.34,7.5,4,76.6,good,0,80.4
97.7,26.5,26.4,6.9,6.06,5.0,1,77.7,good,0,74.8
55.1,17.0,20.8,9.6,4.81,1.9,0,52.6,average,1,51.4
69.8,23.6,24.2,7.9,4.57,5.1,3,59.4,average,1,59.7
58.1,21.3,16.3,7.7,8.99,6.4,2,67.4,good,1,75.1
57.1,15.3,19.4,6.3,9.51,3.8,3,61.8,good,1,70.2
42.2,27.6,26.4,6.8,7.9,7.2,1,72.8,good,1,75.5
76.6,25.9,19.2,9.5,4.62,5.5,2,62.2,good,0,62.1
70.2,23.2,17.2,8.3,6.41,7.3,4,61.5,good,1,67.8
43.1,27.0,19.9,8.9,8.37,5.4,3,64.0,good,1,69.9
56.7,27.3,26.6,7.3,8.68,1.9,2,70.0,good,1,70.6
94.5,24.2,16.7,8.2,4.71,3.2,2,61.6,good,0,60.4
54.4,26.7,13.5,6.2,4.0,2.4,2,48.1,average,1,47.8
48.7,23.9,24.2,8.5,8.27,7.4,0,74.3,good,1,77.7
69.4,23.6,26.5,7.1,6.14,6.3,3,66.9,good,1,69.0
99.1,22.4,12.0,7.2,5.53,5.7,2,64.6,good,0,67.1
54.5,25.1,14.8,8.2,4.08,3.1,3,47.0,average,1,48.3
80.3,13.2,12.8,9.7,7.24,2.3,2,55.8,average,0,61.0
85.7,27.6,17.0,5.3,9.11,6.3,4,74.6,good,0,81.3
54.3,27.4,19.0,9.1,9.75,4.3,4,67.3,good,1,74.4
83.7,10.6,25.0,6.5,7.39,2.6,4,59.1,average,0,64.0
62.1,26.5,23.0,7.2,7.09,5.3,1,70.3,good,1,71.2
77.9,12.6,22.4,5.1,4.51,1.3,2,51.0,average,0,50.7
78.0,16.7,17.0,6.5,7.29,3.3,1,63.2,good,0,66.2
72.1,24.9,26.8,7.5,6.28,4.3,3,66.4,good,1,66.8
45.4,13.2,19.4,5.3,7.64,2.0,1,53.8,average,1,58.3
90.1,26.4,29.6,7.5,6.33,7.9,3,78.1,good,0,78.8
59.2,26.6,22.7,9.6,5.44,2.5,3,57.0,average,1,56.7
51.2,20.1,12.5,5.5,4.57,1.9,3,41.9,average,1,44.9
42.4,10.1,23.5,8.8,5.89,2.4,1,48.9,average,1,51.7
75.5,15.7,16.5,7.0,4.58,6.4,2,55.4,average,0,59.2
80.7,22.3,23.7,8.3,5.06,4.0,1,65.2,good,0,63.2
41.0,29.6,11.4,6.3,9.92,5.0,2,66.2,good,1,73.9
70.7,22.6,13.5,5.8,6.66,1.1,2,56.1,average,1,57.9
53.6,15.2,27.1,5.8,7.19,1.2,3,55.1,average,1,57.8
78.7,22.7,14.5,5.4,9.24,4.1,1,72.2,good,0,76.8
50.5,20.8,26.7,5.9,9.97,6.7,2,74.6,good,1,81.4
81.5,25.6,15.6,8.3,7.5,7.2,4,67.9,good,0,74.5
63.2,12.1,22.9,9.4,8.87,1.6,2,60.8,good,1,65.8
96.2,25.2,23.9,9.1,5.96,4.8,4,68.6,good,0,69.4
48.3,20.8,20.3,8.4,5.83,7.4,1,60.8,good,1,64.6
60.5,29.3,16.1,5.6,6.42,3.7,1,63.5,good,1,63.9
46.8,16.8,14.3,6.4,8.04,6.8,1,60.5,good,1,68.6
95.5,22.7,10.7,6.5,8.09,1.9,2,66.0,good,0,69.2
92.6,28.6,16.1,6.2,5.89,7.5,0,76.3,good,0,76.0
55.5,12.1,23.1,7.6,4.8,6.3,2,52.7,average,1,56.8
79.6,28.7,28.8,7.7,7.79,7.6,2,82.3,excellent,0,83.5
89.0,23.8,27.4,6.8,4.77,5.7,3,67.6,good,0,66.6
73.3,11.4,25.3,6.8,7.47,3.5,3,60.5,good,1,65.3
71.8,16.0,25.8,9.1,8.16,7.6,2,72.3,good,1,78.2
54.5,24.2,23.3,8.9,8.2,2.9,4,61.6,good,1,66.0
45.6,11.3,15.2,6.5,8.52,3.3,3,50.5,average,1,60.2
93.8,21.6,28.1,9.6,9.24,5.9,2,83.5,excellent,0,86.3
94.0,16.9,23.4,9.8,7.0,6.4,0,76.0,good,0,77.2
78.0,22.4,21.2,6.6,8.38,7.5,4,71.4,good,0,78.7
60.3,10.9,12.2,6.8,7.72,2.4,1,52.7,average,1,59.1
61.0,27.4,18.9,7.5,5.12,6.6,2,61.9,good,1,63.5
83.6,29.5,19.2,9.7,4.15,6.2,2,65.5,good,0,64.2
93.8,29.4,27.3,9.4,5.71,1.4,4,67.4,good,0,64.1
93.2,25.0,20.9,5.5,6.66,3.7,3,68.7,good,0,69.5
86.8,12.6,17.6,7.0,7.7,3.0,3,60.2,good,0,65.9
78.5,25.2,29.5,7.8,9.1,3.1,3,76.7,good,0,78.1
45.0,10.5,12.2,7.5,5.18,7.9,1,47.9,average,1,56.1
49.7,10.4,18.5,6.0,4.75,5.5,4,42.4,average,1,49.9
93.9,16.5,10.8,9.3,9.78,6.0,4,68.2,good,0,79.2
76.4,19.8,24.8,8.4,4.65,7.8,3,62.8,good,0,65.4
40.6,25.4,28.4,9.2,6.87,3.6,3,60.6,good,1,62.3
46.1,23.7,15.6,9.3,7.51,6.6,0,65.2,good,1,69.7
79.8,18.9,27.2,8.7,7.25,4.0,0,73.6,good,0,72.8
40.3,15.5,15.8,7.2,4.52,7.1,2,46.8,average,1,52.9
49.6,29.9,28.2,8.1,4.34,2.3,2,58.2,average,1,54.0
72.9,18.5,25.1,5.8,4.63,7.6,4,59.0,average,1,62.9
81.5,19.0,26.1,8.4,7.51,2.5,4,64.3,good,0,67.1
79.1,13.3,10.4,5.9,7.27,3.3,1,57.5,average,0,63.0
53.5,25.9,29.3,8.5,5.4,6.3,1,67.6,good,1,66.5
82.7,23.9,24.5,6.1,7.83,3.8,0,77.1,good,0,76.1
54.2,14.4,16.1,5.6,8.92,5.3,2,60.7,good,1,69.6
59.5,11.6,26.6,5.8,4.25,4.1,0,55.0,average,1,54.3
84.8,23.6,15.6,5.0,6.99,6.2,0,72.8,good,0,74.6
79.0,23.1,27.5,8.6,8.14,2.6,2,72.9,good,0,73.1
91.0,15.5,12.3,8.7,5.51,1.4,1,55.2,average,0,56.1
79.5,29.0,24.1,7.6,5.85,3.1,2,68.3,good,0,65.8
74.1,13.0,20.8,5.8,7.68,4.3,3,60.7,good,1,66.9
45.6,18.6,11.9,5.4,9.39,2.2,3,54.1,average,1,63.0
62.1,28.9,14.8,5.1,8.86,3.5,3,66.0,good,1,71.0
55.9,18.4,10.2,5.8,7.5,3.8,4,49.9,average,1,58.8
54.6,22.8,19.4,9.5,8.38,1.4,1,63.2,good,1,65.1
98.4,18.0,16.0,6.2,6.19,5.1,1,67.4,good,0,69.3
63.6,15.5,22.0,6.8,7.85,7.2,4,62.3,good,1,71.1
93.5,29.7,15.9,5.5,6.8,2.1,0,73.0,good,0,70.0
77.9,18.2,16.0,6.1,5.14,5.2,3,55.3,average,0,59.3
87.7,27.9,24.9,7.6,8.21,5.7,3,78.5,good,0,80.7
70.2,14.6,11.0,8.0,7.34,3.9,0,59.4,average,1,64.2
74.6,14.3,28.1,6.2,6.15,5.9,2,65.2,good,1,67.7
69.6,10.6,27.0,5.3,9.47,3.9,2,68.6,good,1,74.6
51.7,23.0,23.4,7.0,4.13,4.5,1,56.0,average,1,54.8
83.3,17.4,21.9,6.2,5.89,1.1,4,54.8,average,0,56.4
56.8,27.3,27.8,6.1,4.34,5.8,1,64.6,good,1,62.0
41.5,19.5,13.7,9.8,8.6,5.6,2,58.5,average,1,67.3
78.7,29.4,11.6,8.1,8.21,1.3,0,69.8,good,0,69.7
50.6,13.7,14.8,7.8,5.99,3.6,1,49.7,average,1,54.3
96.4,27.4,25.9,7.1,8.05,7.9,3,83.2,excellent,0,86.1
97.2,25.5,10.7,7.1,6.38,3.9,3,63.4,good,0,66.3
94.9,25.4,21.7,7.7,8.54,4.5,0,82.4,excellent,0,82.3
62.2,26.9,29.9,8.5,6.73,7.4,2,74.1,good,1,75.2
40.9,25.2,27.1,8.5,6.47,6.0,3,61.6,good,1,64.7
95.7,22.5,20.4,5.9,9.61,5.1,3,78.2,good,0,83.4
65.7,12.6,11.3,7.5,5.51,6.6,4,47.1,average,1,56.5
98.0,10.7,26.6,7.1,4.72,7.1,1,67.3,good,0,68.2
97.8,28.4,22.0,9.4,7.51,4.2,2,77.6,good,0,77.3
91.2,22.3,12.3,8.2,9.82,4.3,1,75.8,good,0,81.1
57.7,25.9,11.9,7.7,6.27,3.7,2,55.9,average,1,59.2
63.1,19.6,28.2,5.6,4.37,7.8,3,60.5,good,1,62.7
91.1,12.3,23.4,8.0,6.04,5.9,4,61.1,good,0,66.3
59.0,12.5,26.6,5.6,7.04,1.6,1,58.7,average,1,60.0
50.2,23.7,27.6,6.7,4.97,7.0,3,60.1,good,1,62.1
73.4,18.6,21.4,5.7,7.95,4.4,2,67.0,good,1,71.1
96.2,14.0,20.3,8.5,9.99,1.5,1,73.9,good,0,77.4
81.8,19.8,18.6,6.0,6.71,4.8,1,67.0,good,0,69.0
74.2,11.3,16.3,7.0,6.13,3.9,3,51.9,average,1,57.9
45.8,21.6,18.7,9.5,6.4,7.1,1,61.0,good,1,65.5
76.9,15.4,25.5,6.0,4.69,2.4,4,52.2,average,0,53.3
99.4,26.0,22.0,7.5,9.3,6.8,4,81.2,excellent,0,86.8
48.4,16.2,27.9,7.1,6.49,4.9,3,57.4,average,1,61.5
71.1,19.1,18.9,5.1,6.32,1.4,2,56.7,average,1,57.8
92.6,10.2,22.1,9.0,7.96,7.8,3,69.6,good,0,77.8
84.4,11.4,22.6,5.3,6.65,4.6,4,58.6,average,0,64.4
81.8,17.8,21.8,7.4,7.89,3.0,0,71.0,good,0,71.7
82.1,19.6,24.1,7.8,4.37,4.3,0,64.5,good,0,61.5
61.6,22.0,14.7,8.1,8.88,7.0,1,70.2,good,1,77.2
57.6,15.8,20.2,8.4,9.64,3.1,1,66.2,good,1,71.9
88.6,23.9,12.1,6.3,7.89,2.3,0,69.7,good,0,70.6
88.6,27.2,17.7,5.0,9.73,1.9,4,71.9,good,0,76.2
92.0,25.6,19.8,8.6,4.91,3.1,1,66.1,good,0,63.0
94.8,10.8,23.0,7.7,6.86,6.5,3,66.1,good,0,71.9
70.7,19.6,29.0,9.2,7.61,4.3,3,68.2,good,1,70.8
70.1,12.1,22.0,9.1,7.49,2.6,4,55.1,average,1,61.2
87.9,14.8,24.9,9.2,6.41,2.2,1,65.1,good,0,64.6
79.0,29.7,20.1,7.4,6.03,3.3,3,65.0,good,0,64.7
82.1,12.8,22.7,6.7,4.76,7.6,1,63.0,good,0,65.5
87.7,20.0,11.4,9.0,6.35,3.4,1,61.5,good,0,63.8
93.4,22.4,15.1,7.3,4.98,7.9,3,64.0,good,0,67.9
60.3,24.0,17.2,5.9,8.41,4.4,0,69.8,good,1,72.7
62.5,21.2,19.4,9.3,5.25,2.3,3,51.9,average,1,53.3
45.6,10.2,10.9,9.4,4.35,7.2,4,37.8,poor,1,48.1
74.7,16.5,12.8,7.3,7.31,4.2,2,58.9,average,1,64.8
42.2,20.4,15.5,5.4,7.57,6.0,3,55.7,average,1,63.9
67.9,11.8,29.4,6.9,9.23,7.9,1,76.6,good,1,83.0
72.6,17.0,16.6,9.0,7.46,1.4,1,59.9,average,1,62.2
57.2,10.7,19.6,9.5,6.07,1.7,3,46.3,average,1,51.0
75.4,11.6,13.9,6.0,8.82,6.0,2,63.7,good,0,73.1
41.8,17.9,22.2,5.3,7.24,3.0,3,53.3,average,1,58.3
42.2,12.7,15.6,9.4,4.48,2.3,2,39.4,poor,1,43.1
89.4,21.4,14.1,6.9,7.4,1.3,2,62.9,good,0,64.8
61.6,23.8,20.3,7.7,9.45,1.2,4,63.0,good,1,68.1
47.6,26.0,10.1,9.8,6.38,6.4,1,58.1,average,1,63.1
71.3,14.0,10.2,5.3,5.78,1.9,1,49.7,average,1,53.0
86.2,13.3,14.4,8.2,4.86,4.3,2,53.7,average,0,57.0
52.9,12.1,10.7,5.4,4.91,5.2,1,45.8,average,1,51.6
77.4,22.7,12.2,6.9,6.6,4.0,0,64.5,good,0,66.0
45.1,24.1,16.8,9.0,7.57,1.2,2,55.3,average,1,58.2
43.1,10.6,26.1,7.2,4.48,6.5,1,51.7,average,1,55.0
71.9,28.7,21.4,10.0,9.64,1.1,0,77.5,good,1,76.7
72.4,11.0,20.3,7.8,8.53,6.3,4,61.8,good,1,71.8
78.2,20.8,15.9,6.6,7.52,7.3,1,70.6,good,0,75.6
83.6,24.2,28.6,6.1,8.97,4.0,0,83.6,excellent,0,82.7
98.6,27.4,17.9,6.8,4.48,4.7,3,64.4,good,0,63.6
71.0,24.3,11.7,6.9,6.86,4.3,3,58.7,average,1,63.7
59.4,26.0,22.3,5.3,7.78,3.7,0,71.0,good,1,71.0
87.7,16.8,12.3,6.8,8.97,7.2,2,70.8,good,0,79.6
56.2,26.3,16.9,7.3,8.7,7.3,2,70.5,good,1,77.1
66.3,11.6,20.1,8.6,5.66,3.4,1,54.3,average,1,56.8
44.7,27.9,27.5,8.3,9.65,5.3,3,73.1,good,1,77.9
41.5,21.0,19.9,8.5,4.75,7.5,2,53.9,average,1,58.0
97.8,26.3,24.0,5.0,9.25,7.7,2,87.2,excellent,0,90.8
90.2,19.0,29.9,6.1,9.83,4.6,3,80.3,excellent,0,84.3
81.8,22.9,12.6,8.3,5.06,4.2,4,53.6,average,0,57.3
64.5,20.5,15.5,7.4,8.33,3.0,2,61.9,good,1,66.8
50.4,24.6,17.9,5.0,4.24,7.7,0,59.7,average,1,60.6
49.4,11.6,18.4,9.0,6.43,2.0,1,49.6,average,1,53.4
55.0,11.2,18.2,8.9,7.1,5.1,2,54.6,average,1,61.8
73.0,14.9,28.2,7.7,7.48,3.0,2,65.6,good,1,67.5
82.9,13.2,24.3,5.3,9.62,3.0,4,67.2,good,0,74.2
79.6,27.4,22.2,8.8,8.03,3.8,0,77.7,good,0,76.7
56.8,14.4,16.2,7.9,6.89,8.0,1,60.7,good,1,68.1
97.3,29.5,26.5,8.9,8.86,1.4,2,81.3,excellent,0,79.2
84.3,16.7,29.1,8.8,9.7,5.0,1,81.1,excellent,0,84.3
73.3,13.6,26.4,9.0,4.13,1.6,3,50.0,average,1,49.5
76.7,25.8,10.0,7.6,9.9,2.1,2,68.4,good,0,73.8
65.2,23.2,22.7,5.7,4.52,4.1,2,57.8,average,1,57.1
54.9,20.0,11.0,8.4,8.89,4.6,3,58.2,average,1,67.5
61.4,21.1,15.2,8.1,5.68,2.8,4,49.1,average,1,53.4
85.5,24.4,11.2,8.7,4.79,3.2,2,56.5,average,0,57.1
40.9,14.6,22.1,5.8,6.64,1.6,1,51.6,average,1,54.0
47.0,29.9,23.7,6.0,7.86,3.1,0,70.5,good,1,69.5
42.8,29.5,12.3,9.5,6.29,7.8,1,61.7,good,1,66.3
42.4,23.0,17.7,8.7,4.33,7.6,4,48.8,average,1,54.6
91.3,14.0,19.1,9.5,7.6,3.3,0,69.1,good,0,70.9
82.2,23.6,17.4,8.8,9.41,5.0,1,76.9,good,0,81.1
68.5,11.4,12.4,8.0,6.3,7.4,1,57.2,average,1,64.7
45.9,10.6,18.4,8.3,5.3,1.0,3,39.5,poor,1,43.9
69.5,15.2,25.0,9.4,6.66,6.7,4,61.2,good,1,67.5
68.4,19.3,11.4,7.9,4.29,7.6,3,51.4,average,1,57.3
50.4,27.4,11.6,8.2,8.92,1.6,0,64.1,good,1,66.8
66.0,24.5,17.1,5.8,8.96,2.1,3,64.3,good,1,68.8
63.9,24.9,28.8,7.4,7.53,7.7,4,71.5,good,1,76.2
77.0,18.5,23.4,8.6,6.12,4.8,2,64.1,good,0,65.8
78.1,16.9,23.6,6.4,8.8,1.1,2,66.9,good,0,69.4
42.7,17.4,17.2,6.0,7.33,2.8,0,56.3,average,1,59.6
62.5,29.8,21.9,6.6,8.96,4.1,2,73.8,good,1,76.3
77.6,10.8,10.2,6.2,7.79,5.9,3,56.4,average,0,66.7
70.2,27.3,22.7,6.1,8.71,6.1,0,80.5,excellent,1,82.0
91.4,21.6,28.3,7.1,7.59,8.0,4,76.7,good,0,81.3
79.5,18.8,22.3,9.5,6.48,3.0,0,67.0,good,0,66.1
49.8,24.5,27.5,7.5,9.75,4.8,0,78.0,good,1,80.3
44.2,19.7,24.5,5.9,7.25,4.7,1,62.5,good,1,65.4
78.5,27.5,12.4,5.4,7.63,3.8,1,68.5,good,0,70.6
41.6,28.0,28.0,8.5,5.32,2.2,0,61.8,good,1,57.4
75.1,18.4,11.3,6.9,7.75,7.8,2,65.1,good,0,73.5
96.4,15.5,20.7,9.1,7.43,7.0,1,74.3,good,0,78.2
74.5,21.8,12.8,8.3,5.11,4.5,4,51.8,average,1,56.3
63.3,28.2,10.2,9.0,4.36,5.2,3,51.8,average,1,54.6
78.6,14.2,18.4,6.4,7.63,2.6,1,62.8,good,0,66.0
67.5,22.5,15.9,8.5,8.58,4.8,0,71.0,good,1,74.6
72.7,22.6,19.7,6.3,7.14,5.9,2,67.6,good,1,71.3
96.5,24.7,21.5,9.7,5.36,4.6,3,66.9,good,0,66.8
63.2,12.6,10.9,8.2,8.0,7.9,1,61.4,good,1,71.3
97.7,24.3,12.5,6.6,4.48,5.3,2,62.0,good,0,62.7
94.3,28.2,21.2,6.3,6.65,3.6,2,72.8,good,0,71.7
51.7,13.6,16.9,6.0,4.98,6.4,2,49.7,average,1,55.4
44.2,14.8,24.6,8.5,5.11,2.2,0,52.1,average,1,51.5
46.0,29.4,23.0,6.1,5.21,3.7,4,54.3,average,1,55.4
41.1,13.6,26.9,8.0,6.32,3.4,2,53.1,average,1,56.4
45.7,27.1,23.8,6.3,4.31,4.0,3,53.0,average,1,52.8
81.0,19.8,18.6,8.3,6.39,6.5,1,67.9,good,0,70.7
44.3,14.9,23.5,9.1,7.07,4.4,3,54.2,average,1,60.2
59.1,27.4,15.5,8.9,6.9,6.6,0,68.8,good,1,71.1
90.7,18.9,16.1,8.8,6.3,5.0,0,68.2,good,0,69.4
41.4,20.3,25.8,5.9,9.03,3.4,3,62.6,good,1,68.1
88.9,17.2,18.9,5.4,4.87,6.7,4,58.3,average,0,62.9
56.9,21.9,26.0,8.5,7.03,2.7,0,66.6,good,1,65.5
47.1,13.3,26.4,6.8,4.37,2.6,0,51.3,average,1,50.0
81.8,17.8,27.2,7.2,4.43,4.5,3,59.6,average,0,59.5
77.7,29.4,28.3,5.2,7.44,2.8,0,78.9,good,0,74.8
92.6,15.2,18.6,6.3,7.4,1.1,4,58.4,average,0,62.4
84.1,23.1,16.4,5.2,9.27,5.5,4,70.8,good,0,78.4
88.2,16.5,21.6,9.4,7.35,4.6,4,64.1,good,0,69.4
56.9,25.5,17.4,6.2,9.76,4.1,1,71.7,good,1,76.4
50.6,12.6,22.0,7.8,4.29,7.8,4,47.5,average,1,54.4
85.0,29.4,24.1,5.2,4.59,5.0,4,64.5,good,0,63.6
88.4,19.1,23.8,8.3,4.26,7.0,1,66.7,good,0,66.1
99.4,14.7,17.5,6.6,5.11,2.0,2,57.5,average,0,57.8
64.8,11.5,13.3,9.5,7.25,5.0,0,58.7,average,1,64.6
62.3,13.4,18.6,9.4,7.87,7.1,4,58.7,average,1,68.9
86.6,20.4,12.9,6.6,4.27,5.1,0,60.3,good,0,60.1
60.4,16.7,27.8,9.5,9.68,6.0,3,71.6,good,1,78.9
95.8,26.6,16.9,10.0,9.05,3.6,0,81.0,excellent,0,81.6
91.5,18.6,13.1,9.1,5.78,1.6,1,58.7,average,0,59.0
65.7,15.0,10.5,9.2,4.46,4.2,0,49.9,average,1,52.4
85.1,22.3,22.9,6.2,5.02,3.8,0,67.5,good,0,64.3
85.3,24.1,22.7,7.9,4.76,7.1,0,71.8,good,0,70.0
46.2,13.3,16.8,5.3,4.74,2.7,2,42.7,average,1,46.3
94.2,13.4,11.4,5.5,7.11,7.8,2,65.1,good,0,73.2
70.3,10.7,18.2,10.0,5.48,7.7,3,54.5,average,1,62.1
89.6,24.7,16.2,6.6,6.15,2.7,1,66.1,good,0,65.2
59.2,23.3,23.5,8.7,9.94,3.4,0,76.2,good,1,78.6
93.7,19.5,22.1,9.0,8.11,7.3,0,81.1,excellent,0,83.7
63.4,26.9,17.3,9.3,9.69,7.8,0,80.5,excellent,1,85.8
40.7,26.1,14.4,10.0,4.86,4.1,0,53.5,average,1,53.8
94.3,21.7,29.8,6.2,6.29,3.2,2,72.5,good,0,70.2
45.5,27.4,19.1,5.2,7.33,4.7,3,60.4,good,1,64.7
59.2,14.1,23.8,7.1,4.46,5.8,4,49.5,average,1,54.2
97.0,12.2,12.8,5.7,4.03,2.9,1,52.5,average,0,53.3
97.0,15.4,19.7,5.1,8.02,6.2,0,76.5,good,0,79.8
74.4,11.1,10.6,6.8,7.85,1.4,3,50.6,average,1,58.1
77.9,20.6,20.1,8.9,6.46,1.3,4,56.2,average,0,58.4
66.9,28.7,29.3,7.8,6.94,3.7,3,70.0,good,1,69.4
57.6,10.8,17.7,6.6,6.49,3.5,2,50.9,average,1,56.5
59.7,12.4,10.8,8.3,4.14,3.2,4,36.9,poor,1,43.2
80.4,19.0,10.6,6.2,6.01,4.4,3,54.9,average,0,60.2
85.1,28.7,17.8,5.1,5.06,3.2,2,63.6,good,0,61.8
87.5,16.3,13.2,8.8,4.59,2.3,3,49.7,average,0,52.0
87.4,20.1,10.5,8.1,9.74,3.2,3,66.9,good,0,74.6
45.5,10.8,25.1,8.8,7.6,7.8,4,56.9,average,1,67.1
69.7,13.0,19.2,5.2,8.37,3.9,2,62.2,good,1,68.5
43.5,29.7,15.8,9.2,5.89,4.1,0,60.2,good,1,60.1
73.0,29.3,28.0,8.1,6.36,5.0,1,75.0,good,1,72.5
66.5,10.1,12.3,7.8,5.42,7.9,4,47.8,average,1,58.3
93.3,29.0,29.1,8.1,4.58,2.7,2,70.3,good,0,64.4
61.1,22.8,16.3,9.3,5.07,5.8,3,54.5,average,1,58.4
47.0,27.4,27.8,7.9,8.79,6.0,2,73.8,good,1,77.2
48.6,19.1,22.1,7.9,8.07,5.3,1,65.0,good,1,69.7
85.7,20.3,26.5,10.0,7.28,1.6,1,70.6,good,0,68.9
77.1,19.8,29.7,8.8,6.85,5.7,0,75.8,good,0,75.0
46.1,23.3,15.8,7.2,9.53,1.4,0,64.7,good,1,68.0
45.0,12.8,29.2,8.5,4.44,5.2,1,53.6,average,1,54.5
82.1,10.6,17.8,6.9,5.68,6.2,4,53.9,average,0,61.2
44.4,16.2,17.7,6.1,6.1,2.5,4,44.3,average,1,50.3
89.3,24.1,16.8,8.0,8.69,6.9,3,74.9,good,0,81.2
82.4,14.0,20.8,9.6,9.96,1.2,0,72.3,good,0,75.2
44.9,23.5,13.1,9.6,5.44,6.9,3,51.5,average,1,57.9
45.1,29.4,21.1,6.7,9.25,4.2,0,73.7,good,1,75.7
99.2,11.9,20.8,7.6,8.98,2.5,1,71.9,good,0,75.3
62.5,23.5,25.2,6.1,5.35,1.9,4,54.5,average,1,54.7
62.2,18.9,26.7,10.0,6.4,7.7,4,63.0,good,1,68.7
88.8,27.4,18.8,9.9,6.46,1.5,1,68.4,good,0,65.8
96.8,13.5,16.0,8.2,9.87,2.4,3,68.0,good,0,75.2
99.2,23.9,15.2,9.0,5.09,3.4,3,61.1,good,0,61.6
85.2,26.8,13.9,8.6,8.79,5.3,2,74.0,good,0,78.7
62.6,28.9,11.2,8.0,6.01,4.8,0,63.1,good,1,63.9
45.0,23.7,16.8,5.3,8.39,1.9,3,56.4,average,1,61.6
86.6,19.9,15.4,7.3,6.52,3.0,1,63.6,good,0,64.8
73.5,22.4,29.3,8.4,7.47,2.7,3,68.3,good,1,68.9
65.5,27.4,21.2,8.4,9.0,2.5,4,66.8,good,1,71.0
94.4,21.4,16.9,6.9,8.82,3.9,0,77.3,good,0,79.2
46.7,10.6,21.6,9.7,9.2,5.9,2,61.4,good,1,70.9
69.6,28.6,12.8,5.8,4.36,2.5,0,57.8,average,1,54.8
40.7,23.8,18.9,7.5,8.15,3.6,4,56.0,average,1,62.7
68.1,23.5,22.5,8.5,4.84,3.7,4,55.0,average,1,56.3
43.4,14.3,19.8,8.5,6.49,7.8,4,52.0,average,1,61.6
47.1,23.2,18.0,8.2,7.29,7.7,4,59.3,average,1,67.8
47.1,17.9,29.9,6.4,6.42,6.6,1,65.2,good,1,67.4
79.0,23.0,27.6,5.8,7.12,2.7,2,70.0,good,0,69.2
84.8,12.1,22.5,8.2,9.98,1.5,4,65.2,good,0,72.2
75.0,23.2,21.4,8.0,4.81,3.2,4,55.2,average,0,56.1
97.7,30.0,22.4,5.9,8.05,2.9,3,76.8,good,0,76.6
62.5,11.0,14.0,8.5,6.38,4.5,2,51.0,average,1,57.8
57.1,29.5,17.9,7.3,4.8,6.4,0,64.3,good,1,63.4
92.1,18.1,10.8,8.3,4.95,7.0,2,59.5,average,0,64.0
53.4,27.4,19.5,9.2,9.7,6.9,2,74.4,good,1,81.1
97.8,25.6,20.9,5.8,9.28,3.5,2,79.8,good,0,81.7
40.7,21.3,14.6,5.1,9.44,5.8,4,58.7,average,1,69.7
98.2,24.8,29.3,8.9,9.95,3.2,4,82.0,excellent,0,84.5
42.6,27.6,28.2,8.0,5.25,1.4,1,58.7,average,1,54.7
93.5,18.1,24.4,8.5,6.13,5.9,0,73.9,good,0,73.4
71.7,16.5,20.7,9.2,8.02,1.1,3,59.1,average,1,62.9
99.6,23.4,27.4,9.0,6.9,3.9,2,76.1,good,0,74.8
44.4,26.2,12.6,9.8,6.51,3.3,0,57.4,average,1,59.0
73.2,25.2,25.8,7.7,6.15,5.9,0,73.9,good,1,72.3
98.2,26.0,12.5,7.4,7.56,6.4,1,75.7,good,0,78.7
71.4,18.7,25.9,7.0,7.45,3.1,3,64.1,good,1,66.8
77.8,26.4,15.5,5.8,4.97,6.7,2,63.2,good,0,65.0
81.7,12.4,27.5,7.9,6.83,3.1,3,62.1,good,0,64.8
67.3,20.9,28.9,6.4,7.32,4.1,1,71.0,good,1,71.0
77.7,10.1,13.0,9.6,7.42,6.1,4,54.8,average,0,65.4
75.1,16.5,19.3,7.9,5.26,5.9,0,62.8,good,0,64.1
94.1,17.3,29.6,8.0,8.45,7.9,2,82.1,excellent,0,86.1
42.7,17.9,19.7,6.8,4.15,2.6,4,40.3,average,1,43.5
56.9,23.9,27.3,5.3,6.13,5.6,1,67.5,good,1,67.5
97.0,17.8,21.8,5.2,8.68,5.3,3,74.0,good,0,79.3
93.4,19.0,17.5,7.1,7.38,7.4,0,76.0,good,0,79.2
67.3,14.8,15.7,5.4,5.57,2.1,2,50.0,average,1,52.8
77.2,17.5,14.1,8.0,8.17,6.3,4,62.1,good,0,71.5
56.6,14.5,25.2,9.4,7.4,5.0,4,57.8,average,1,64.5
51.3,11.5,17.7,9.4,8.78,2.9,0,59.8,average,1,65.6
67.8,22.1,20.2,8.3,8.41,4.3,3,66.2,good,1,71.4
61.2,23.4,19.8,6.1,7.66,3.3,1,65.6,good,1,67.5
75.0,22.4,21.5,9.3,6.93,5.1,3,65.5,good,0,68.9
44.7,19.3,27.3,9.4,4.8,7.2,3,55.8,average,1,59.2
98.5,17.6,29.6,6.0,5.57,5.0,3,69.1,good,0,69.1
99.2,27.3,18.2,8.7,6.51,5.4,0,77.6,good,0,76.2
81.9,20.4,26.6,6.4,7.6,4.6,0,76.4,good,0,76.1
72.2,19.6,25.3,9.0,7.08,1.4,1,65.2,good,1,64.4
58.6,10.5,21.5,10.0,5.73,2.6,3,47.8,average,1,52.2
88.8,16.8,29.1,5.2,4.04,4.4,0,66.6,good,0,62.5
81.1,17.6,14.0,9.5,6.98,3.2,1,61.6,good,0,64.7
49.8,18.0,12.2,8.1,5.71,2.3,1,48.1,average,1,51.2
94.7,21.6,27.1,9.9,8.41,4.5,3,76.9,good,0,79.3
89.4,20.7,18.8,7.3,4.14,3.3,2,57.9,average,0,56.8
97.0,22.2,26.9,9.2,7.51,2.8,3,72.9,good,0,73.1
83.5,25.3,27.9,5.3,9.65,4.2,2,82.1,excellent,0,83.9
76.8,26.3,11.2,6.7,5.05,1.9,1,56.6,average,0,55.6
65.1,24.4,27.7,5.3,6.83,7.5,0,76.5,good,1,76.8
96.0,29.1,19.0,9.9,4.55,7.1,4,66.6,good,0,67.7
92.0,10.4,20.2,9.1,7.75,6.0,1,69.6,good,0,74.9
42.7,13.9,22.5,9.3,7.3,1.7,0,55.9,average,1,58.1
41.6,10.2,28.5,9.7,6.44,6.4,1,58.3,average,1,63.0
62.6,22.9,10.4,5.4,7.13,6.7,3,58.8,average,1,66.7
88.6,28.0,19.5,6.9,9.38,6.4,2,82.0,excellent,0,86.1
99.2,14.9,23.8,5.4,5.18,1.8,1,63.2,good,0,60.8
49.0,28.5,24.5,6.1,4.14,5.5,0,62.5,good,1,59.3
75.6,11.2,23.9,6.1,9.17,6.8,3,69.4,good,0,78.2
62.9,28.7,12.7,7.3,7.46,5.0,4,60.5,good,1,66.6
98.2,17.0,16.0,6.3,9.34,5.5,3,72.7,good,0,80.3
90.5,12.0,17.2,5.5,7.58,4.2,2,63.6,good,0,69.0
90.3,19.7,26.1,5.8,8.86,4.7,3,75.7,good,0,79.6
68.1,15.1,15.6,5.7,6.58,1.2,4,48.2,average,1,53.4
64.9,15.7,14.2,9.9,8.5,5.5,0,66.0,good,1,72.3
56.4,16.1,29.1,8.8,9.48,1.6,1,68.9,good,1,71.3
43.4,26.1,10.2,9.8,7.43,4.0,2,55.3,average,1,61.0
91.9,20.8,30.0,7.2,5.08,3.0,4,63.6,good,0,62.3
88.8,16.2,23.5,6.4,5.61,4.8,2,64.2,good,0,65.4
100.0,22.2,26.6,9.0,5.19,1.9,3,65.4,good,0,62.6
99.8,24.3,15.9,6.6,5.48,5.8,2,68.1,good,0,69.2
73.3,15.5,10.3,6.5,5.84,6.6,4,51.1,average,1,60.0
86.1,18.3,24.8,6.2,7.33,2.1,1,69.3,good,0,68.8
96.7,12.4,26.7,5.6,7.53,1.7,1,69.7,good,0,69.7
91.0,13.6,24.8,6.3,6.56,2.0,2,63.3,good,0,64.0
54.8,23.6,12.9,6.8,7.69,7.1,0,66.9,good,1,72.2
67.0,13.6,25.1,8.4,4.49,4.7,2,54.7,average,1,56.1
47.7,20.5,25.4,5.3,4.53,4.3,3,51.7,average,1,53.0
97.2,24.2,23.2,6.1,5.03,1.7,1,67.2,good,0,62.5
76.4,12.1,25.3,9.0,7.11,5.5,1,67.1,good,0,70.5
53.7,21.3,26.9,5.7,5.28,7.1,1,64.3,good,1,65.2
80.3,15.1,22.3,6.7,5.7,6.8,0,67.5,good,0,69.1
77.1,29.3,11.8,9.3,6.4,5.4,0,69.2,good,0,69.8
61.5,19.7,19.8,5.8,8.87,1.5,4,58.9,average,1,64.8
46.8,26.1,11.6,5.4,4.08,1.8,2,44.2,average,1,44.6
80.3,21.0,18.2,7.4,7.9,1.3,2,64.3,good,0,66.2
71.2,10.9,18.1,6.5,8.01,2.8,3,56.2,average,1,63.2
86.3,22.7,11.3,7.8,8.79,1.9,1,68.2,good,0,71.3
71.2,29.0,17.0,9.0,9.6,2.8,0,76.9,good,1,78.2
91.1,22.0,12.2,5.7,4.12,3.7,3,53.7,average,0,55.0
73.1,26.4,26.2,7.9,4.92,7.6,3,67.2,good,1,68.1
73.7,27.7,29.0,7.5,9.32,5.3,0,86.1,excellent,1,85.9
92.6,14.6,11.4,5.7,6.75,6.8,2,63.1,good,0,69.9
64.2,14.2,29.1,8.1,7.39,6.0,1,69.0,good,1,72.1
48.0,22.2,20.5,6.4,7.98,1.8,2,59.1,average,1,62.1
41.7,18.2,16.0,7.4,8.07,6.2,3,56.3,average,1,65.6
85.3,26.8,11.5,5.4,9.59,2.9,1,74.1,good,0,77.6
77.2,28.0,20.0,7.3,9.98,5.5,4,76.1,good,0,82.7
82.2,17.1,25.9,6.5,8.32,3.4,3,68.8,good,0,72.4
52.8,14.7,24.1,9.1,5.72,8.0,2,59.0,average,1,64.4
48.2,25.6,11.0,5.3,9.28,2.8,2,60.7,good,1,67.2
40.9,15.5,11.5,7.1,4.3,3.0,2,38.6,poor,1,43.0
61.0,26.5,18.1,7.3,5.39,7.5,0,66.8,good,1,67.7
75.4,18.5,15.9,8.6,9.38,1.2,3,62.6,good,0,68.3
63.5,23.4,14.6,7.9,5.54,5.9,1,60.0,average,1,62.6
66.2,11.9,15.6,8.3,5.32,6.1,2,52.2,average,1,58.1
94.2,22.5,26.1,8.9,4.83,6.9,2,71.0,good,0,70.3
60.9,19.0,28.6,9.3,9.15,7.8,0,80.2,excellent,1,84.3
70.8,21.7,18.1,6.6,7.0,7.8,1,69.7,good,1,74.1
87.0,13.4,28.1,7.7,8.05,1.5,3,66.0,good,0,68.2
63.8,24.7,16.4,9.2,5.43,6.8,4,56.7,average,1,61.9
77.3,27.3,19.5,9.9,8.55,5.5,0,79.2,good,0,80.6
91.7,14.3,14.5,9.4,8.56,5.5,3,66.3,good,0,74.5
97.0,11.9,22.8,6.9,5.88,1.9,4,56.5,average,0,59.0
48.8,10.5,29.6,6.0,6.46,5.6,2,58.0,average,1,62.5
95.6,22.8,22.1,7.4,5.26,7.9,2,71.7,good,0,72.9
69.5,22.1,17.2,8.7,9.86,7.4,1,77.1,good,1,84.3
55.5,20.9,23.0,7.5,7.87,4.1,4,60.2,good,1,65.9
67.5,14.6,12.5,7.4,9.61,1.3,2,59.1,average,1,66.4
98.8,17.8,27.8,9.2,5.82,3.5,2,69.1,good,0,67.8
69.6,21.9,20.1,6.8,8.69,6.8,1,74.5,good,1,79.4
59.7,19.9,19.0,9.3,8.6,5.9,3,64.8,good,1,72.4
78.0,29.8,21.7,7.0,8.15,4.2,2,75.2,good,0,76.2
54.4,12.7,22.5,6.6,9.79,1.4,0,65.3,good,1,69.4
44.6,23.9,11.4,7.3,6.36,4.0,0,55.8,average,1,58.6
47.7,18.1,23.7,8.8,4.78,4.3,3,50.0,average,1,52.7
47.7,18.6,14.8,5.6,8.03,7.5,4,56.9,average,1,67.9
49.1,24.4,24.3,6.0,8.38,5.5,1,70.7,good,1,73.9
48.3,23.8,26.5,9.8,7.45,3.2,0,67.8,good,1,67.2
78.5,29.8,26.1,5.9,5.24,4.7,0,73.8,good,0,69.1
50.9,12.6,21.1,7.8,7.03,1.5,3,49.3,average,1,54.3
60.7,12.1,20.4,7.9,5.87,7.8,4,53.5,average,1,62.1
93.8,24.5,12.9,7.4,6.56,3.5,4,61.3,good,0,65.0
68.4,21.6,25.5,8.2,7.87,4.3,3,67.6,good,1,70.9
80.1,15.5,15.4,6.1,8.47,3.5,0,67.8,good,0,71.8
50.3,11.6,19.9,7.8,5.39,5.8,1,52.4,average,1,57.0
51.5,11.7,15.7,6.9,6.43,5.6,0,55.1,average,1,60.7
42.5,27.9,12.7,8.3,5.61,6.0,4,50.6,average,1,56.7
50.1,13.8,22.6,5.7,5.19,2.9,0,53.0,average,1,53.4
56.7,16.5,11.1,7.9,8.7,3.2,1,58.4,average,1,65.3
50.6,14.5,25.0,5.9,9.46,1.9,2,62.4,good,1,67.7
45.3,17.1,16.4,6.4,6.22,5.6,0,56.5,average,1,60.6
47.2,11.4,10.0,6.1,8.51,1.3,3,45.4,average,1,55.1
67.6,20.4,20.2,5.9,9.38,5.2,2,71.2,good,1,77.3
52.4,11.4,10.9,9.1,9.08,7.1,3,56.2,average,1,69.5
61.9,26.0,15.5,6.4,5.1,7.2,3,58.0,average,1,62.1
70.2,14.7,24.1,9.6,9.74,4.1,3,68.5,good,1,75.6
81.4,20.8,11.3,9.8,6.26,4.2,0,63.1,good,0,64.9
42.4,27.6,26.8,7.9,6.04,1.5,4,54.3,average,1,54.6
88.0,23.0,10.1,5.7,4.37,5.7,2,57.5,average,0,59.8
77.7,20.7,14.9,6.9,6.92,6.7,1,67.3,good,0,71.6
44.9,16.5,24.8,9.0,4.65,2.7,4,44.6,average,1,47.4
92.4,16.7,16.3,6.8,5.49,3.9,0,63.7,good,0,63.8
95.3,23.4,12.0,5.4,5.9,6.9,3,64.8,good,0,69.4
43.7,29.9,17.2,7.8,8.85,7.1,1,71.8,good,1,77.2
56.6,23.2,15.4,9.2,9.25,2.7,2,63.8,good,1,69.2
88.4,21.2,26.9,9.0,5.81,4.9,4,65.7,good,0,67.1
84.9,24.6,16.3,5.9,9.15,2.3,4,67.4,good,0,72.5
51.1,19.3,25.8,8.4,9.14,1.7,1,66.6,good,1,69.0
52.6,11.2,27.8,6.1,8.59,7.4,0,70.9,good,1,76.8
62.2,21.2,18.7,6.1,4.88,6.7,2,57.8,average,1,60.8
69.1,29.2,28.2,9.4,8.14,6.3,1,81.1,excellent,1,81.3
77.1,13.5,17.5,6.2,9.67,1.3,3,62.0,good,0,68.9
62.1,23.8,29.3,6.3,8.1,6.9,2,75.4,good,1,78.5
67.8,14.0,11.8,5.0,5.99,4.1,4,47.1,average,1,54.8
84.8,20.7,23.7,9.4,7.0,3.4,1,70.4,good,0,70.1
42.2,11.9,19.9,9.0,7.87,4.8,4,50.7,average,1,60.5
55.1,19.0,17.8,8.1,7.06,1.6,4,50.4,average,1,55.5
82.8,25.1,22.7,8.8,4.72,6.3,4,62.6,good,0,64.2
93.7,17.0,24.1,5.8,5.87,5.1,0,71.4,good,0,70.5
70.7,23.3,10.1,7.3,8.81,2.3,4,58.5,average,1,65.8
71.9,25.9,13.3,6.8,9.17,2.3,3,65.2,good,1,70.4
46.4,28.5,24.3,5.5,4.82,2.3,3,53.7,average,1,52.5
66.8,14.7,23.3,7.4,9.71,1.4,2,65.7,good,1,70.5
72.0,18.0,29.3,9.6,5.97,5.1,4,61.9,good,1,64.6
54.5,13.0,25.2,5.2,7.97,6.9,4,60.4,good,1,69.5
56.2,29.8,29.0,6.5,8.51,1.1,1,73.3,good,1,70.9
62.6,28.5,24.1,6.0,8.87,1.3,0,74.6,good,1,73.0
41.2,20.8,16.0,6.2,9.67,5.0,2,63.0,good,1,71.6
59.3,26.8,12.1,9.5,5.88,6.7,4,55.5,average,1,61.9
52.7,20.4,25.6,7.3,9.15,3.3,1,69.6,good,1,72.7
59.6,22.5,22.9,7.3,4.79,3.4,0,60.0,average,1,57.6
47.2,11.8,11.0,8.8,8.23,5.2,2,52.3,average,1,62.7
93.4,25.1,17.2,5.8,8.45,2.9,2,73.0,good,0,75.0
75.6,12.6,29.1,7.4,8.07,1.2,4,60.9,good,0,64.6
80.7,26.5,20.0,7.1,5.51,6.1,2,67.5,good,0,68.1
87.4,25.6,18.7,8.0,9.24,5.4,1,80.2,excellent,0,83.3
69.9,24.2,19.2,10.0,5.01,5.1,2,60.2,good,1,61.0
45.2,10.7,14.2,8.8,4.32,6.2,3,40.5,average,1,48.2
72.2,16.1,17.4,7.0,8.3,5.7,1,67.6,good,1,73.5
75.2,15.3,17.4,9.1,6.85,2.4,0,61.4,good,0,62.8
84.7,17.2,11.0,5.9,9.09,3.5,0,69.3,good,0,74.3
65.9,11.8,25.4,5.2,6.3,1.9,4,51.4,average,1,55.3
47.7,28.7,18.3,6.0,5.01,1.9,4,48.7,average,1,49.8
57.0,21.1,26.4,6.7,9.02,5.7,3,70.1,good,1,76.0
61.8,16.1,27.0,7.6,7.29,7.0,0,71.2,good,1,74.0
78.8,17.9,14.2,8.1,5.14,7.7,0,63.5,good,0,66.5
74.2,18.9,23.1,9.6,8.32,5.4,0,74.8,good,1,77.2
61.4,22.0,19.4,7.5,7.07,2.3,0,63.6,good,1,63.7
99.2,20.3,27.6,7.5,7.63,1.7,2,73.8,good,0,72.5
76.3,28.4,14.3,5.3,6.77,6.7,1,70.7,good,0,73.1
54.2,19.9,23.6,5.2,8.97,5.1,1,70.2,good,1,74.8
46.1,29.8,22.2,7.8,8.98,5.3,3,69.4,good,1,74.4
49.2,27.0,15.9,7.2,8.26,6.5,2,66.2,good,1,72.4
54.8,14.2,12.7,9.2,4.63,5.9,0,50.7,average,1,54.5
49.6,28.6,23.0,5.8,9.03,6.8,0,78.1,good,1,81.0
51.2,12.3,24.8,5.1,8.03,1.4,4,52.3,average,1,58.4
57.1,26.3,16.3,7.2,8.18,6.2,4,63.4,good,1,71.0
50.4,17.6,22.9,6.2,6.18,7.0,3,57.5,average,1,63.4
93.8,27.6,17.9,5.2,9.28,3.0,0,81.6,excellent,0,81.7
44.8,27.4,24.3,8.6,8.35,5.5,3,67.3,good,1,71.9
71.5,26.1,14.0,5.6,4.68,3.2,2,55.3,average,1,55.4
64.6,25.8,27.8,8.0,6.45,7.7,1,74.4,good,1,75.0
98.9,16.1,15.7,6.4,9.32,1.2,0,72.7,good,0,74.9
46.7,11.6,17.4,5.9,4.28,5.1,2,43.8,average,1,48.7
63.9,18.1,11.2,6.9,9.77,2.2,0,65.1,good,1,70.8
98.2,13.5,12.2,9.0,8.07,6.0,4,63.3,good,0,72.7
91.9,23.9,20.3,7.0,7.79,2.2,3,68.9,good,0,70.4
89.0,16.9,15.4,8.8,5.62,2.6,4,53.2,average,0,56.9
55.5,29.5,26.7,5.6,5.49,4.5,1,66.8,good,1,64.2
50.3,22.8,10.3,8.9,9.65,7.4,4,62.1,good,1,74.6
80.1,26.4,17.6,6.2,5.79,2.5,0,66.2,good,0,63.5
95.8,12.7,16.7,8.4,8.65,2.0,4,61.6,good,0,68.3
73.4,27.2,10.4,7.8,6.36,6.3,0,67.2,good,1,69.5
74.3,28.5,12.5,9.6,4.84,4.5,1,60.6,good,1,60.3
56.8,19.7,18.3,6.9,4.06,7.4,4,49.8,average,1,55.1
86.2,22.1,19.9,5.3,7.27,2.0,3,64.4,good,0,66.1
51.2,25.3,18.1,5.1,9.85,5.5,3,68.5,good,1,76.4
59.4,13.5,20.6,9.1,6.21,2.6,3,50.6,average,1,55.0
65.5,20.1,21.9,7.6,6.14,2.1,4,53.9,average,1,56.6
70.5,18.0,10.2,8.9,6.06,5.8,4,51.5,average,1,59.6
54.5,12.9,19.3,6.2,7.12,5.2,4,52.3,average,1,60.9
46.9,17.4,29.3,6.7,6.64,6.3,0,66.8,good,1,68.3
76.6,11.4,20.4,5.2,9.28,3.2,1,67.5,good,0,73.0
57.3,10.5,23.6,9.8,7.03,4.1,3,54.4,average,1,60.6
74.9,12.7,16.2,8.3,7.05,3.8,0,61.5,good,1,64.9
49.3,29.3,25.5,9.7,4.83,7.9,3,62.7,good,1,64.3
68.9,21.0,25.5,6.3,9.9,3.0,0,77.8,good,1,79.5
72.0,29.3,20.4,8.1,5.5,3.1,4,59.4,average,1,59.8
43.1,18.6,29.5,8.4,4.44,3.5,3,50.5,average,1,51.0
60.2,16.2,12.5,6.6,7.98,5.0,4,54.0,average,1,63.9
48.1,20.1,10.3,9.2,7.57,2.8,3,50.0,average,1,57.3
43.8,18.8,25.4,9.7,6.49,7.4,2,61.5,good,1,66.3
99.4,12.1,26.1,9.4,6.53,2.9,0,70.3,good,0,69.2
59.3,22.8,12.4,8.7,8.71,7.3,2,66.6,good,1,75.1
88.6,14.3,15.3,6.4,5.17,1.7,0,57.1,average,0,56.5
55.3,22.4,10.4,6.4,8.92,5.6,1,64.7,good,1,72.2
80.9,23.0,15.9,9.8,7.89,7.3,3,69.7,good,0,76.4
85.6,13.0,25.5,5.1,6.51,2.2,1,64.1,good,0,64.1
75.7,11.2,20.4,8.6,6.75,7.8,1,65.4,good,0,71.3
68.3,25.6,17.0,8.5,5.54,4.2,0,63.8,good,1,62.9
64.7,19.2,17.4,8.1,8.51,7.6,2,68.6,good,1,76.4
60.9,11.2,10.0,10.0,7.08,5.7,4,48.0,average,1,59.3
95.8,29.9,16.0,6.6,5.93,3.1,0,72.4,good,0,69.0
89.8,11.2,22.9,6.7,7.58,2.3,4,60.0,average,0,65.0
97.9,23.9,29.5,5.4,9.97,3.1,1,87.4,excellent,0,87.1
47.5,29.7,26.9,7.2,6.61,1.7,4,58.8,average,1,59.0
83.9,14.8,10.5,6.3,9.52,2.0,2,62.8,good,0,70.0
96.3,12.8,28.0,6.7,6.07,1.7,0,68.2,good,0,65.3
50.9,12.4,25.7,9.2,4.33,4.0,2,48.9,average,1,50.7
44.0,16.1,25.6,9.7,5.23,6.6,2,55.3,average,1,59.0
84.5,12.0,19.2,5.9,6.51,2.0,0,61.4,good,0,62.1
74.5,23.8,18.0,6.9,5.32,1.9,2,57.3,average,1,56.7
90.5,11.2,16.1,9.6,4.0,5.5,3,51.4,average,0,55.5
48.4,20.2,11.3,5.3,9.49,2.4,3,55.9,average,1,64.6
87.7,29.9,14.6,5.5,9.06,1.7,3,71.2,good,0,73.8
52.1,26.3,14.9,5.8,8.45,2.2,4,57.2,average,1,63.1
49.8,22.3,19.7,8.0,5.01,7.5,2,57.4,average,1,61.1
49.9,16.1,24.9,5.8,4.72,6.8,0,59.1,average,1,60.3
88.9,22.5,19.5,9.8,4.41,3.5,0,64.3,good,0,61.0
79.9,20.5,11.2,7.2,8.34,5.6,4,62.5,good,0,71.4
71.4,18.5,29.2,7.5,9.57,4.8,0,80.4,excellent,1,82.5
61.5,12.6,28.9,6.2,6.58,5.7,3,60.4,good,1,65.1
92.6,27.7,25.7,7.4,4.71,5.8,2,71.7,good,0,69.0
63.5,19.0,29.8,8.3,7.07,5.4,0,72.3,good,1,72.4
89.0,13.9,20.9,8.8,6.09,2.9,0,64.4,good,0,64.2
66.3,17.4,29.3,8.8,6.25,1.3,1,62.2,good,1,60.3
62.6,18.3,11.5,7.9,7.73,4.2,1,59.5,average,1,65.2
67.8,26.6,17.3,9.5,8.31,7.2,1,74.5,good,1,78.9
58.1,24.7,14.5,9.1,4.66,5.0,2,53.6,average,1,55.7
84.9,25.4,13.9,8.8,4.21,6.8,3,59.3,average,0,61.7
70.2,10.2,12.8,5.3,9.97,7.9,3,64.8,good,1,78.4
53.9,18.3,22.4,5.0,5.4,2.1,3,50.0,average,1,51.9
94.0,19.6,25.6,6.1,4.32,5.8,2,66.1,good,0,65.0
63.0,10.4,21.6,8.3,5.14,5.7,2,53.0,average,1,57.5
72.6,15.2,12.9,7.1,4.23,7.9,1,55.1,average,1,59.6
94.4,25.2,26.2,7.0,6.35,7.9,0,82.5,excellent,0,81.2
77.5,12.7,22.7,9.4,8.81,5.8,4,65.7,good,0,74.4
47.0,20.7,17.8,9.5,6.05,2.7,4,47.7,average,1,52.5
96.4,14.3,23.5,9.5,6.67,6.6,0,74.4,good,0,75.9
77.7,10.2,15.2,6.6,8.05,1.7,1,58.5,average,0,63.4
60.1,14.8,16.9,8.5,7.05,6.5,0,62.8,good,1,68.0
48.4,29.5,28.3,6.4,9.17,7.4,0,82.6,excellent,1,84.5
87.6,26.0,15.8,6.0,9.2,3.7,4,70.5,good,0,76.2
77.2,29.2,19.4,5.9,4.06,5.4,1,64.6,good,0,62.0
72.0,19.8,27.8,6.7,8.67,4.0,2,72.8,good,1,75.4
93.6,12.2,24.2,7.1,6.76,4.1,4,62.0,good,0,66.6
87.3,21.0,11.2,9.2,9.93,3.2,2,70.4,good,0,76.9
49.1,19.1,12.9,5.6,6.9,6.3,1,57.5,average,1,63.9
58.7,26.9,10.2,8.7,9.92,7.6,0,75.6,good,1,83.0
54.9,12.0,22.6,7.7,8.53,7.6,3,63.0,good,1,72.9
84.6,19.8,19.0,6.4,5.49,2.2,3,57.0,average,0,57.9
42.0,13.0,12.7,7.5,7.23,7.1,1,54.1,average,1,63.2
74.2,16.5,29.2,6.5,9.95,6.2,3,76.8,good,1,83.5
85.7,24.7,20.6,8.0,9.15,2.8,2,74.8,good,0,77.1
92.6,19.5,14.8,7.2,4.58,1.5,3,52.8,average,0,53.1
60.5,17.5,20.0,5.8,8.24,2.9,1,63.3,good,1,67.0
89.3,17.9,23.6,5.6,6.07,7.4,1,72.0,good,0,73.8
46.6,19.2,11.5,7.7,4.04,5.4,2,44.4,average,1,48.8
90.8,25.7,15.5,9.5,6.42,6.0,3,67.5,good,0,70.8
47.6,27.8,26.1,6.7,5.41,2.8,3,57.1,average,1,56.4
63.8,29.1,19.2,8.7,8.91,6.0,0,78.4,good,1,80.8
87.8,25.7,20.9,8.3,6.02,1.2,4,60.7,good,0,60.4
49.0,16.3,18.7,9.7,8.97,3.6,1,62.1,good,1,68.1
53.8,23.8,10.9,9.1,4.0,5.4,0,52.4,average,1,53.5
83.3,18.8,13.3,7.8,5.85,2.0,1,57.6,average,0,58.5
83.2,15.1,18.9,8.3,5.45,6.8,0,65.5,good,0,67.5
78.5,26.8,14.2,9.5,5.4,2.6,4,55.0,average,0,56.8
81.6,10.8,11.0,7.0,4.41,5.6,0,53.3,average,0,56.7
72.6,28.0,26.9,6.6,5.12,3.8,1,68.3,good,1,64.4
55.1,19.2,29.6,5.1,7.33,5.2,3,64.7,good,1,68.4
60.7,22.7,25.9,9.1,5.75,1.8,1,61.0,good,1,58.7
50.9,23.2,27.1,9.0,6.5,1.1,2,58.9,average,1,58.0
94.5,27.9,14.8,5.5,6.26,7.4,2,72.6,good,0,75.0
75.0,22.7,29.2,7.9,9.26,2.9,2,76.4,good,0,77.8
64.1,22.3,13.9,7.3,9.43,6.7,2,69.8,good,1,78.2
67.7,11.3,29.0,5.6,6.96,8.0,4,63.3,good,1,70.8
96.8,20.4,29.9,9.9,5.98,2.5,3,68.6,good,0,66.7
49.2,13.0,24.2,6.1,4.64,2.9,3,45.5,average,1,48.2
75.2,24.7,29.6,5.3,9.72,5.6,1,84.6,excellent,0,86.5
70.4,20.2,21.4,8.0,4.36,7.8,0,64.7,good,1,65.0
76.7,23.6,15.2,8.7,5.79,7.4,1,66.4,good,0,69.3
41.1,10.8,18.7,5.2,5.79,4.5,1,48.5,average,1,53.7
92.3,11.7,21.9,8.3,5.92,6.6,1,66.7,good,0,69.7
95.9,24.3,11.5,7.7,4.99,2.0,1,60.3,good,0,58.8
73.9,11.4,22.4,5.5,8.7,7.8,3,68.0,good,1,77.5
81.8,11.4,29.6,5.9,4.73,7.8,0,68.3,good,0,68.6
95.3,10.2,13.8,7.8,7.81,2.1,1,61.9,good,0,66.2
82.4,29.1,25.9,6.5,4.74,3.1,3,64.8,good,0,61.6
49.2,24.8,28.2,9.7,4.42,1.7,1,56.6,average,1,52.4
74.6,17.1,28.9,9.1,9.46,2.9,2,73.5,good,1,76.5
76.4,15.9,29.2,9.9,5.14,6.7,1,67.2,good,0,67.4
65.4,17.0,20.4,6.3,8.93,3.6,1,67.5,good,1,72.0
84.2,25.5,29.5,9.8,7.27,1.6,4,68.9,good,0,68.3
96.1,23.2,25.1,7.2,4.47,3.4,2,65.9,good,0,62.6
95.5,13.7,13.2,6.7,9.73,7.9,0,78.6,good,0,86.8
67.1,13.5,19.5,5.3,5.48,5.4,1,57.2,average,1,60.5
46.8,12.0,24.4,5.3,9.16,3.9,0,65.3,good,1,70.4
99.1,23.2,14.9,8.5,5.01,2.2,2,60.8,good,0,59.7
90.3,25.3,22.8,7.3,9.12,7.9,1,85.9,excellent,0,89.4
47.5,15.3,23.3,6.1,4.08,6.7,4,47.0,average,1,52.2
95.3,10.4,13.3,8.1,7.07,3.0,3,56.6,average,0,62.9
92.2,11.6,21.3,6.3,8.62,1.5,4,62.0,good,0,67.7
71.1,29.4,25.4,7.9,9.61,1.4,4,72.3,good,1,74.6
75.5,15.9,20.0,6.8,9.46,1.8,3,64.4,good,0,70.3
63.9,25.4,10.2,9.1,8.92,5.1,3,63.9,good,1,71.9
43.3,22.5,10.2,9.1,9.33,7.5,3,61.3,good,1,72.9
60.1,17.6,17.1,7.4,5.2,4.5,1,54.5,average,1,56.8
88.2,14.1,28.5,6.8,5.71,6.9,0,72.7,good,0,72.6
40.3,12.4,14.6,6.8,5.73,4.1,0,48.1,average,1,52.7
60.0,22.3,22.7,9.0,6.26,6.0,3,61.5,good,1,65.3
63.9,25.5,14.4,6.6,6.36,6.1,4,58.0,average,1,64.0
72.2,22.9,16.4,6.0,7.27,2.2,2,61.5,good,1,63.7
95.2,20.6,27.0,5.4,4.96,3.5,3,64.8,good,0,63.3
60.8,10.8,24.6,7.3,8.15,5.5,4,59.2,average,1,67.9
60.8,29.4,11.9,7.4,5.01,1.5,4,48.2,average,1,49.8
84.3,26.0,18.6,9.2,5.86,3.5,1,67.0,good,0,65.7
67.1,15.9,10.6,6.1,7.02,4.7,1,57.2,average,1,63.1
53.5,29.6,19.6,6.9,8.78,8.0,0,78.4,good,1,82.2
67.1,22.0,23.2,9.0,8.44,4.3,0,73.8,good,1,75.3
48.5,21.6,12.4,9.1,7.87,6.7,2,59.9,average,1,68.1
50.6,25.0,15.8,6.9,4.93,4.0,2,52.2,average,1,53.9
69.9,26.2,18.0,7.3,7.28,6.6,2,69.3,good,1,73.2
65.1,23.1,28.4,6.5,4.52,5.2,2,62.4,good,1,61.0
94.9,12.6,29.9,9.7,6.26,7.2,4,68.3,good,0,72.7
61.7,16.8,10.9,5.6,6.48,3.9,4,47.9,average,1,55.8
74.8,28.6,25.2,9.7,4.24,5.2,0,69.3,good,1,64.6
77.9,14.5,17.4,8.4,5.64,5.4,1,59.8,average,0,62.9
40.8,17.4,17.8,7.7,9.73,3.9,1,62.8,good,1,70.1
79.8,18.6,25.1,5.2,9.72,2.0,3,71.1,good,0,75.2
50.7,18.8,28.4,7.4,6.11,1.7,4,52.7,average,1,54.5
97.7,22.3,29.0,7.0,4.26,1.1,2,64.5,good,0,58.7
48.9,28.9,21.5,5.8,5.07,7.1,2,61.7,good,1,63.2
64.9,14.8,17.1,8.3,6.35,2.7,3,51.3,average,1,56.1
45.1,12.4,25.8,9.9,9.69,2.5,1,63.8,good,1,69.2
99.8,13.9,15.0,7.8,4.85,6.2,2,60.1,good,0,63.6
70.1,27.7,21.3,8.6,8.58,3.2,1,73.8,good,1,74.7
75.7,22.9,17.2,5.3,4.65,4.5,3,55.9,average,0,57.5
44.0,15.7,23.1,7.1,9.89,2.1,1,63.9,good,1,69.2
85.0,26.3,14.8,5.6,6.29,7.7,1,71.7,good,0,74.3
52.6,27.2,13.8,8.1,8.65,7.0,1,69.8,good,1,75.9
93.9,26.9,28.4,9.7,6.06,7.0,2,78.7,good,0,77.6
52.3,28.4,12.0,8.3,7.77,3.8,0,64.7,good,1,67.1
51.4,15.0,20.1,5.4,5.15,6.3,4,48.7,average,1,55.4
42.2,25.1,14.4,6.8,4.88,2.0,1,48.7,average,1,48.9
68.3,19.2,10.8,7.8,9.63,1.1,1,62.8,good,1,68.2
73.9,26.8,10.7,7.0,9.51,1.1,1,68.3,good,1,71.4
43.9,24.6,13.5,9.2,9.32,5.1,0,67.5,good,1,73.3
86.5,25.5,27.3,9.1,7.75,4.2,3,74.9,good,0,75.8
67.2,23.1,15.6,8.1,8.85,4.6,2,67.7,good,1,73.4
71.5,13.5,29.0,6.9,4.41,1.1,0,57.3,average,1,53.2
66.4,20.9,21.6,6.3,6.01,4.0,1,62.4,good,1,63.0
64.0,29.7,18.7,5.5,5.88,6.0,0,69.4,good,1,68.7
73.6,28.7,21.6,6.8,7.81,4.1,0,76.3,good,1,75.4
49.3,10.9,20.3,7.1,6.14,6.1,0,56.6,average,1,61.3
50.9,13.3,25.2,8.4,4.89,2.6,3,47.1,average,1,49.4
91.7,12.6,15.6,8.3,7.58,6.7,4,62.5,good,0,71.6
96.8,24.5,17.1,5.4,8.89,5.1,2,77.5,good,0,81.3
62.4,26.4,27.9,7.0,6.29,2.5,3,63.3,good,1,62.4
56.2,14.3,28.9,5.9,4.79,2.7,3,51.0,average,1,51.9
78.6,20.1,27.9,5.8,5.18,5.4,4,61.9,good,0,63.6
64.5,26.8,18.4,9.1,5.42,6.8,3,61.3,good,1,64.4
41.5,24.7,25.6,5.2,5.8,3.9,0,62.0,good,1,60.6
49.4,20.8,19.5,7.1,7.86,2.8,0,62.9,good,1,65.0
83.0,21.8,20.0,5.8,7.61,7.1,1,74.8,good,0,78.3
79.5,20.2,14.1,9.4,8.18,5.7,3,65.5,good,0,72.7
41.6,16.0,21.8,7.8,6.18,4.1,1,54.1,average,1,57.3
53.3,21.3,13.7,6.2,8.94,4.4,2,62.1,good,1,69.3
53.9,23.8,16.6,7.5,5.22,2.4,0,55.7,average,1,54.6
80.3,27.5,27.1,8.7,6.81,5.4,2,75.1,good,0,74.6
41.2,22.7,14.1,9.8,8.81,3.5,4,54.6,average,1,63.3
46.2,25.2,11.4,6.1,5.08,8.0,0,58.1,average,1,61.8
88.0,13.2,11.4,9.4,4.66,4.4,2,51.8,average,0,55.7
50.7,19.2,28.8,9.7,9.3,4.4,4,66.1,good,1,72.6
79.2,10.2,20.1,9.6,6.06,5.0,2,57.9,average,0,62.6
54.3,14.9,18.2,8.2,8.1,7.4,4,58.4,average,1,69.2
46.0,24.5,26.2,8.1,4.15,6.6,4,53.8,average,1,56.1
54.6,29.8,26.7,7.0,8.14,4.2,0,76.3,good,1,75.2
83.3,12.0,16.6,8.8,5.9,6.0,1,60.7,good,0,65.0
91.3,18.0,23.9,7.7,4.33,5.1,4,58.6,average,0,60.1
89.8,26.0,25.4,8.4,7.66,4.4,4,72.9,good,0,75.0
63.8,14.1,23.1,7.1,5.44,2.3,0,56.8,average,1,56.2
80.1,21.1,13.0,8.7,6.32,4.2,1,62.1,good,0,64.5
52.3,24.7,27.5,9.1,4.48,2.7,3,54.3,average,1,52.8
57.6,22.3,20.8,5.7,4.88,7.4,3,57.4,average,1,61.3
93.8,13.8,15.6,9.2,5.79,3.3,1,60.1,good,0,61.9
40.8,17.1,18.5,7.7,4.54,7.7,2,50.2,average,1,55.6
45.1,25.7,10.8,9.2,9.46,4.7,0,66.8,good,1,72.8
52.5,21.1,12.6,7.2,4.04,5.4,1,49.7,average,1,52.0
41.6,10.1,25.3,6.9,6.9,4.8,3,51.8,average,1,58.7
50.9,25.2,10.0,9.6,4.74,1.9,4,41.9,average,1,45.4
75.0,10.7,18.3,6.3,5.85,3.6,3,51.7,average,0,56.8
65.3,24.9,20.5,9.2,9.56,1.7,4,65.6,good,1,70.6
93.6,14.0,11.1,7.4,4.97,5.4,0,59.7,average,0,62.1
89.0,29.2,29.5,7.6,9.79,4.1,4,83.0,excellent,0,85.2
60.5,17.4,14.5,6.5,5.23,6.4,1,55.4,average,1,59.7
55.6,16.5,16.1,7.9,8.45,2.5,4,53.4,average,1,61.5
62.8,13.0,16.1,6.6,7.28,2.2,2,53.3,average,1,58.5
75.4,16.1,14.6,5.2,9.31,3.8,1,67.4,good,0,73.7
56.1,27.5,10.0,6.4,7.32,7.5,0,67.2,good,1,72.1
77.4,29.9,24.6,5.0,7.21,6.0,1,78.3,good,0,77.7
64.6,17.4,29.3,9.9,5.17,3.9,2,59.8,average,1,59.5
73.1,19.0,14.5,9.8,5.0,4.6,0,58.6,average,1,59.4
66.2,24.4,23.3,7.0,9.5,1.6,3,68.9,good,1,72.1
57.7,27.7,24.8,8.6,5.97,7.9,2,68.8,good,1,70.7
96.9,21.9,27.0,6.7,6.23,5.7,0,78.6,good,0,76.3
85.8,17.8,18.5,8.4,8.56,3.0,4,64.1,good,0,70.1
48.4,18.3,16.1,9.0,6.03,5.1,1,54.6,average,1,58.8
92.1,23.9,16.5,9.7,9.71,1.8,0,78.0,good,0,79.1
69.2,10.1,24.3,7.0,8.43,7.8,1,70.4,good,1,77.7
93.7,22.4,26.3,8.9,7.58,2.2,4,69.3,good,0,70.4
88.0,17.1,13.6,6.3,9.29,5.5,0,74.7,good,0,80.3
65.5,25.9,17.4,10.0,4.3,2.7,3,51.9,average,1,51.8
41.3,11.9,28.0,5.1,5.54,6.0,2,53.7,average,1,58.0
56.1,21.8,26.1,8.0,6.79,6.4,0,70.3,good,1,71.3
72.5,19.6,29.7,8.3,5.36,5.7,4,62.1,good,1,64.1
78.0,22.8,25.1,8.4,8.46,5.3,0,79.4,good,0,80.3
55.5,11.3,17.9,5.6,9.52,7.2,1,66.5,good,1,76.4
48.4,21.6,21.8,9.7,6.54,1.6,0,59.0,average,1,58.3
90.1,21.2,23.2,5.9,6.05,3.3,3,64.7,good,0,65.2
99.1,21.2,11.6,8.1,9.77,2.7,0,76.6,good,0,79.9
71.5,22.1,20.9,6.1,6.67,7.9,2,68.8,good,1,73.1
50.3,23.5,24.2,6.5,6.93,3.7,0,65.8,good,1,65.6
56.3,26.1,13.3,7.7,6.11,6.1,1,61.0,good,1,64.3
41.1,15.4,25.6,7.1,9.46,5.8,0,69.8,good,1,75.6
94.9,26.5,21.7,5.8,7.41,2.5,3,71.2,good,0,71.4
47.1,20.0,29.0,5.9,8.57,2.7,4,61.4,good,1,66.1
74.6,11.5,10.8,7.1,8.87,3.0,0,62.0,good,1,68.5
56.4,11.2,15.3,8.8,6.05,3.9,0,52.6,average,1,56.6
73.3,16.7,22.0,9.5,6.6,2.6,2,60.0,average,1,61.8
79.1,25.7,15.9,5.4,9.09,1.1,3,66.7,good,0,70.1
89.8,24.2,24.3,7.0,6.18,7.2,4,70.3,good,0,73.3
52.4,25.8,25.2,5.5,8.76,7.8,1,76.9,good,1,81.1
40.7,20.3,12.1,5.1,9.65,3.4,0,62.3,good,1,68.9
48.2,18.8,20.3,8.3,7.74,3.4,4,54.3,average,1,61.0
94.0,12.9,20.2,8.0,8.45,1.0,1,67.4,good,0,69.5
92.4,16.6,17.4,5.8,8.83,5.8,3,70.7,good,0,78.0
75.8,18.7,28.7,6.2,9.07,6.8,3,76.3,good,0,82.0
76.0,11.8,26.6,5.1,6.37,2.0,4,55.0,average,0,58.2
79.9,14.4,23.9,9.2,4.31,2.1,1,55.9,average,0,53.9
50.5,22.0,24.3,9.9,6.41,6.5,3,61.0,good,1,65.4
94.9,24.7,19.2,5.7,8.04,5.3,4,72.1,good,0,76.7
65.1,30.0,28.4,6.2,6.7,1.3,3,66.1,good,1,63.7
63.0,28.7,23.9,9.3,8.49,5.4,3,72.7,good,1,76.2
71.1,22.9,24.6,9.6,6.14,3.2,3,61.9,good,1,62.6
42.8,18.4,27.2,7.1,7.81,3.6,2,61.2,good,1,64.8
50.0,22.7,15.5,5.3,5.12,6.4,1,56.1,average,1,59.2
84.3,25.7,26.1,5.2,8.5,6.7,4,77.2,good,0,81.7
45.0,12.4,13.9,7.9,7.27,3.8,4,45.2,average,1,55.0
76.2,18.2,16.9,7.0,5.22,7.6,1,62.7,good,0,66.1
54.7,26.8,16.7,5.1,5.75,3.8,1,59.0,average,1,59.6
63.4,17.7,29.6,7.9,8.49,6.4,1,74.9,good,1,78.4
57.3,21.4,27.1,5.1,6.9,4.4,1,66.8,good,1,67.5
61.3,21.8,24.0,8.9,5.3,7.3,0,67.1,good,1,67.4
83.1,13.7,24.5,6.5,9.8,7.4,4,73.7,good,0,83.4
57.8,17.2,21.2,5.2,8.29,1.6,0,63.7,good,1,65.5
74.0,16.7,28.9,7.9,9.74,7.6,3,77.8,good,1,85.2
68.6,10.5,19.9,7.0,6.56,6.8,3,57.1,average,1,64.8
79.8,10.5,17.6,9.9,6.85,6.5,4,57.0,average,0,65.9
96.2,26.6,13.3,7.7,9.39,2.4,3,72.5,good,0,76.6
84.0,15.5,25.7,6.4,7.15,6.6,1,72.7,good,0,75.5
52.9,20.4,24.7,8.5,8.24,7.0,0,73.0,good,1,76.7
41.9,16.0,17.7,6.4,5.51,3.0,1,48.4,average,1,51.3
55.7,28.8,10.5,9.5,6.68,7.7,3,60.5,good,1,67.4
75.7,15.2,26.8,6.9,4.74,1.3,0,59.3,average,0,55.5
43.1,18.6,10.2,7.7,5.24,2.0,1,43.8,average,1,46.9
69.8,27.5,24.1,5.3,4.01,4.8,4,57.6,average,1,57.2
75.8,26.8,29.4,7.1,4.24,5.0,1,68.7,good,0,64.2
60.1,13.7,18.8,9.2,9.86,5.5,3,64.4,good,1,74.6
86.3,26.1,14.7,9.0,5.45,1.1,0,63.1,good,0,59.7
46.4,19.2,24.1,6.1,7.98,7.7,4,62.4,good,1,71.1
44.5,19.7,26.3,6.1,9.03,1.3,0,66.7,good,1,67.8
83.7,12.7,20.9,9.1,7.3,2.0,4,56.9,average,0,61.9
69.7,11.6,29.3,9.7,4.92,1.1,0,57.4,average,1,54.3
81.3,24.6,11.0,5.5,8.37,5.0,3,66.5,good,0,73.0
66.1,19.9,20.1,7.3,7.6,7.5,4,64.0,good,1,72.0
54.8,18.7,24.4,6.7,8.39,5.7,2,67.1,good,1,72.6
89.1,24.6,27.3,9.4,8.62,6.8,0,86.9,excellent,0,87.4
88.0,25.3,13.6,5.4,9.85,1.1,0,75.6,good,0,77.0
81.7,13.2,26.0,6.1,7.44,4.8,1,69.6,good,0,72.2
56.3,22.2,21.1,8.8,6.05,4.2,4,54.7,average,1,58.8
75.4,12.7,17.9,5.3,7.89,4.5,2,62.0,good,0,68.3
61.7,25.0,12.6,7.5,4.41,1.5,3,46.5,average,1,47.3
45.5,23.1,27.3,7.2,9.38,5.8,1,74.2,good,1,78.3
95.0,29.1,13.1,6.7,4.72,4.5,2,64.2,good,0,63.4
48.2,11.4,16.2,7.0,5.97,6.4,4,46.1,average,1,55.7
97.0,11.1,15.8,7.6,8.89,4.4,2,68.1,good,0,75.2
66.8,15.6,27.4,5.8,7.58,2.0,0,67.0,good,1,66.8
